,cityName,cloudiness,country,date,humidity,lat,lng,maxTemp,windSpeed
0,punta arenas,75,CL,1545861600,58,-53.16,-70.91,12.0,7.7
1,hobart,0,AU,1545861600,45,-42.88,147.33,18.0,4.1
2,bluff,0,AU,1545863749,46,-23.58,149.07,28.47,5.32
3,adzope,32,CI,1545863750,63,6.11,-3.86,27.1,4.17
4,mataura,64,NZ,1545863750,64,-46.19,168.86,15.07,6.27
5,kaitangata,48,NZ,1545863750,68,-46.28,169.85,14.87,6.97
6,vaini,0,IN,1545863750,89,15.34,74.49,17.67,0.97
7,busselton,92,AU,1545863751,100,-33.64,115.35,19.35,3.57
8,rikitea,76,PF,1545863751,97,-23.12,-134.97,26.3,6.37
9,jamestown,8,AU,1545863515,18,-33.21,138.6,37.42,4.62
10,faridpur,0,IN,1545863752,85,28.21,79.54,6.12,1.27
11,ilulissat,88,GL,1545861000,78,69.22,-51.1,-11.0,1.5
12,saint-philippe,90,CA,1545861600,73,45.36,-73.48,-4.0,4.1
13,magistralnyy,76,RU,1545863752,51,56.17,107.45,-35.23,1.57
14,sao borja,0,BR,1545863753,82,-28.66,-56.0,26.1,2.92
15,tasiilaq,92,GL,1545861000,92,65.61,-37.64,-2.0,1.5
16,chokurdakh,68,RU,1545863753,69,70.62,147.9,-26.23,4.87
17,taltal,0,CL,1545863754,76,-25.41,-70.49,18.1,1.17
18,lasa,40,CY,1545861600,58,34.92,32.53,15.0,4.1
19,hasaki,40,JP,1545861600,100,35.73,140.83,2.0,2.1
20,port alfred,68,ZA,1545863754,95,-33.59,26.89,21.82,2.57
21,loandjili,100,CG,1545863755,98,-4.77,11.87,25.32,1.77
22,tiksi,48,RU,1545863755,77,71.64,128.87,-27.56,2.92
23,alcaniz,24,ES,1545863755,86,41.05,-0.13,0.72,1.22
24,gamba,0,CN,1545863755,42,28.28,88.52,-18.06,3.42
25,tuatapere,76,NZ,1545863756,93,-46.13,167.69,13.35,4.72
26,noumea,90,NC,1545861600,83,-22.28,166.46,25.0,4.1
27,kiskunfelegyhaza,0,HU,1545862500,80,46.71,19.84,2.0,4.1
28,puerto cabezas,40,NI,1545861600,94,14.04,-83.39,28.0,3.1
29,ondjiva,76,AO,1545863757,88,-17.07,15.73,19.85,1.07
30,petropavlovsk-kamchatskiy,90,RU,1545861600,92,53.05,158.65,-8.0,1.0
31,kavaratti,0,IN,1545863757,100,10.57,72.64,28.32,1.02
32,pevek,48,RU,1545863757,100,69.7,170.27,-25.33,5.42
33,batu,20,ID,1545861600,88,-7.87,112.53,26.0,3.1
34,upernavik,0,GL,1545863758,100,72.79,-56.15,-12.58,10.87
35,iqaluit,90,CA,1545861600,70,63.75,-68.52,-19.0,10.8
36,nome,90,US,1545862500,90,30.04,-94.42,17.8,9.8
37,aquiraz,20,BR,1545861600,78,-3.9,-38.39,26.0,2.6
38,lazaro cardenas,40,MX,1545860580,18,28.39,-105.62,17.0,8.7
39,kruisfontein,0,ZA,1545863760,89,-34.0,24.73,18.82,3.72
40,burns lake,12,CA,1545863760,90,54.23,-125.76,-10.46,0.92
41,thinadhoo,0,MV,1545863760,100,0.53,72.93,27.72,3.12
42,cape town,75,ZA,1545861600,93,-33.93,18.42,19.0,1.5
43,qaanaaq,0,GL,1545863760,93,77.48,-69.36,-29.98,5.22
44,nyurba,36,RU,1545863761,42,63.29,118.35,-32.83,2.72
45,hermanus,92,ZA,1545863761,100,-34.42,19.24,16.22,1.52
46,jaromerice nad rokytnou,90,CZ,1545861600,93,49.09,15.89,2.0,4.6
47,itarema,36,BR,1545863762,87,-2.92,-39.92,25.35,5.02
48,kuzino,36,RU,1545863762,53,57.02,59.44,-13.81,4.57
49,lebu,0,ET,1545863762,75,8.96,38.73,0.77,1.12
50,ambovombe,0,MG,1545863763,96,-25.18,46.09,21.82,4.37
51,esperance,20,TT,1545861600,83,10.24,-61.45,26.0,4.1
52,srednekolymsk,32,RU,1545863763,72,67.46,153.71,-38.06,1.12
53,yulara,0,AU,1545858000,20,-25.24,130.99,23.0,2.6
54,praia da vitoria,40,PT,1545861600,93,38.73,-27.07,16.0,8.07
55,kisangani,32,CD,1545863764,96,0.52,25.21,23.2,1.02
56,georgetown,40,GY,1545861600,83,6.8,-58.16,28.0,5.1
57,kirakira,20,SB,1545863765,100,-10.46,161.92,27.8,0.97
58,saldanha,0,PT,1545863765,76,41.42,-6.55,-3.63,0.97
59,arraial do cabo,75,BR,1545858000,88,-22.97,-42.02,23.0,2.1
60,richards bay,12,ZA,1545863766,88,-28.77,32.06,25.1,3.92
61,bara,8,NG,1545863766,42,10.41,10.6,18.12,3.77
62,tiznit,0,MA,1545863766,74,29.7,-9.73,10.85,0.97
63,clyde river,1,CA,1545861600,75,70.47,-68.59,-27.0,5.1
64,codrington,0,AU,1545861600,68,-28.95,153.24,23.0,1.57
65,mar del plata,80,AR,1545863624,56,-46.43,-67.52,20.22,5.47
66,puerto ayora,40,EC,1545861600,69,-0.74,-90.35,28.0,7.7
67,lavrentiya,56,RU,1545863768,100,65.58,-170.99,-12.91,11.42
68,port elizabeth,1,US,1545861600,66,39.31,-74.98,6.7,1.5
69,hamilton,75,BM,1545861300,59,32.3,-64.78,17.0,7.2
70,khatanga,76,RU,1545863768,71,71.98,102.47,-18.71,5.42
71,ushuaia,75,AR,1545861600,62,-54.81,-68.31,11.0,6.2
72,coquimbo,20,CL,1545861600,63,-29.95,-71.34,19.0,4.6
73,castro,75,CL,1545861600,87,-42.48,-73.76,13.0,1.0
74,east london,0,ZA,1545863770,100,-33.02,27.91,23.45,2.12
75,san jose,8,PH,1545863651,95,15.79,120.99,22.72,1.17
76,trelew,92,AR,1545863485,84,-43.25,-65.31,17.62,7.97
77,touros,0,BR,1545861600,74,-5.2,-35.46,26.0,2.1
78,cherskiy,56,RU,1545863771,67,68.75,161.3,-30.21,2.87
79,tura,0,IN,1545863771,86,25.52,90.21,8.55,0.57
80,lompoc,1,US,1545861360,51,34.64,-120.46,18.9,6.7
81,atuona,0,PF,1545863772,98,-9.8,-139.03,27.95,7.72
82,provideniya,0,RU,1545861600,71,64.42,-173.23,-16.0,2.0
83,barrow,24,AR,1545863772,29,-38.31,-60.23,30.67,7.57
84,waingapu,92,ID,1545863773,90,-9.65,120.26,26.22,1.87
85,chuy,0,UY,1545863773,85,-33.69,-53.46,21.2,7.47
86,okhotsk,88,RU,1545863773,99,59.36,143.24,-10.31,5.07
87,agudos,24,BR,1545863773,97,-22.47,-48.99,21.27,2.57
88,tuktoyaktuk,20,CA,1545861600,74,69.44,-133.03,-30.0,8.2
89,champerico,5,MX,1545860640,35,16.38,-93.6,31.0,0.97
90,avarua,20,CK,1545861600,58,-21.21,-159.78,29.0,4.1
91,bredasdorp,92,ZA,1545861600,88,-34.53,20.04,19.0,3.6
92,ugento,5,IT,1545861300,87,39.93,18.16,7.0,4.1
93,tingi,80,TZ,1545863775,100,-11.3,35.03,23.8,0.77
94,klaksvik,92,FO,1545862800,100,62.23,-6.59,8.0,5.1
95,thompson,90,CA,1545861600,77,55.74,-97.86,-16.0,2.6
96,olga,1,US,1545861480,29,34.11,-118.17,18.3,1.5
97,nanortalik,80,GL,1545863776,89,60.14,-45.24,-1.31,4.72
98,ribeira grande,75,PT,1545858000,82,38.52,-28.7,17.0,1.5
99,arlit,0,NE,1545863777,63,18.74,7.39,11.27,3.82
100,yinchuan,68,CN,1545863777,52,38.48,106.21,-16.73,3.97
101,fortuna,40,ES,1545861600,93,38.18,-1.13,10.0,1.5
102,luderitz,44,NA,1545863778,91,-26.65,15.16,16.87,5.67
103,colares,0,PT,1545861600,100,38.8,-9.45,9.0,0.5
104,portland,90,US,1545861180,82,45.52,-122.67,7.8,3.1
105,linxia,88,CN,1545863778,72,35.6,103.21,-14.41,0.97
106,esna,92,RO,1545863779,91,45.2,27.57,-1.18,2.67
107,iracoubo,88,GF,1545863779,96,5.48,-53.21,23.72,2.57
108,coihaique,40,CL,1545861600,18,-45.58,-72.07,21.0,5.7
109,antofagasta,40,CL,1545861600,63,-23.65,-70.4,19.0,8.2
110,osa,80,RU,1545863780,83,57.28,55.46,-8.21,5.27
111,moose factory,90,CA,1545861600,77,51.26,-80.61,-16.0,2.6
112,watertown,90,US,1545862620,87,44.9,-97.12,0.0,7.7
113,talnakh,44,RU,1545863781,79,69.49,88.39,-20.06,10.17
114,birao,0,CF,1545863781,55,10.3,22.78,19.57,3.12
115,mahebourg,20,MU,1545861600,88,-20.41,57.7,24.0,3.1
116,kodiak,90,US,1545861300,100,39.95,-94.76,6.7,5.1
117,lyuban,48,BY,1545863782,89,52.8,28.0,-1.53,6.87
118,aksarayskiy,90,RU,1545861600,95,46.79,48.01,0.0,4.0
119,nakonde,64,ZM,1545863783,93,-9.33,32.75,14.7,1.22
120,ostrovnoy,8,RU,1545863783,90,68.05,39.51,-8.08,5.52
121,villa maria,20,CO,1545861600,32,4.5,-74.09,19.0,4.6
122,starodub,88,RU,1545863783,91,52.58,32.76,-2.03,9.07
123,narsaq,20,GL,1545863784,63,60.91,-46.05,-13.66,1.02
124,yellowknife,20,CA,1545861600,75,62.45,-114.38,-29.0,3.6
125,vostok,48,RU,1545863784,62,46.45,135.83,-20.28,3.37
126,crixas,36,BR,1545863785,83,-14.55,-49.97,24.47,0.72
127,lerwick,40,GB,1545862800,93,60.15,-1.15,9.0,6.2
128,albany,90,US,1545862560,60,42.65,-73.75,0.6,2.1
129,carnarvon,0,ZA,1545863785,54,-30.97,22.13,17.85,3.82
130,mount gambier,0,AU,1545861600,57,-37.83,140.78,24.0,4.6
131,najran,0,SA,1545858000,50,17.54,44.22,11.0,0.92
132,san quintin,0,PH,1545863786,94,17.54,120.52,22.47,2.12
133,bethel,90,US,1545861360,90,60.79,-161.76,-13.9,6.7
134,north bend,90,US,1545861360,92,43.41,-124.22,9.4,3.1
135,tarakan,80,ID,1545863787,100,3.3,117.63,24.3,1.87
136,dingle,48,PH,1545863787,85,11.0,122.67,24.02,2.27
137,buin,0,CL,1545861600,39,-33.73,-70.74,27.0,9.8
138,havre-saint-pierre,40,CA,1545861600,43,50.23,-63.6,-11.0,2.6
139,pisco,75,PE,1545861600,30,-13.71,-76.2,22.0,7.7
140,iquitos,75,PE,1545861600,94,-3.75,-73.25,24.0,1.5
141,jalu,0,LY,1545863789,93,29.03,21.55,7.1,2.47
142,valparaiso,1,US,1545862500,52,41.47,-87.06,8.0,1.5
143,cabedelo,0,BR,1545861600,69,-6.97,-34.84,26.0,2.6
144,sao joao de pirabas,32,BR,1545863789,100,-0.77,-47.18,26.42,5.52
145,rundu,24,NA,1545863790,77,-17.91,19.77,19.7,1.47
146,san rafael,0,AR,1545863790,39,-34.61,-68.33,25.82,3.17
147,nouadhibou,0,MR,1545863790,72,20.93,-17.03,17.27,6.82
148,meulaboh,68,ID,1545863791,100,4.14,96.13,24.42,1.62
149,teya,75,MX,1545861060,52,21.05,-89.07,31.0,8.2
150,hayvoron,76,UA,1545863791,93,48.34,29.87,0.6,7.67
151,mehamn,75,NO,1545861000,74,71.03,27.85,-2.0,8.7
152,lingyuan,12,CN,1545863577,14,41.24,119.4,-20.88,4.92
153,riyadh,0,SA,1545861600,54,24.63,46.72,12.0,1.5
154,carros,0,FR,1545863796,63,43.78,7.19,-2.43,0.37
155,saint george,20,GR,1545861000,64,39.45,22.34,2.0,4.1
156,nikolskoye,90,RU,1545861600,86,59.7,30.79,-1.0,4.0
157,ugoofaaru,80,MV,1545863796,100,5.67,73.0,26.55,1.07
158,marzuq,0,YE,1545863797,73,14.4,46.47,0.3,1.42
159,polyarnyy,0,RU,1545861600,85,69.2,33.45,-10.0,2.0
160,neuquen,0,AR,1545861600,39,-38.95,-68.06,27.0,3.1
161,san patricio,0,PY,1545863798,85,-26.98,-56.83,26.77,1.32
162,hilo,40,US,1545861180,79,19.71,-155.08,25.0,2.6
163,shimoda,44,JP,1545863798,100,34.7,138.93,11.2,2.67
164,karasjok,90,NO,1545862800,73,69.47,25.52,-3.0,11.3
165,beringovskiy,8,RU,1545863799,100,63.05,179.32,-24.68,6.82
166,novikovo,68,UA,1545863799,100,45.05,34.56,1.85,4.82
167,oriximina,56,BR,1545863799,91,-1.77,-55.87,24.85,1.22
168,mizdah,0,LY,1545863800,88,31.45,12.98,3.12,2.57
169,guararapes,48,BR,1545863800,92,-21.25,-50.65,23.82,1.07
170,vila franca do campo,40,PT,1545861600,88,37.72,-25.43,17.0,4.1
171,sitka,92,US,1545863800,98,37.17,-99.65,11.67,4.32
172,yenagoa,0,NG,1545863801,89,4.92,6.26,23.45,2.02
173,constitucion,5,MX,1545860520,10,23.99,-104.67,20.0,10.3
174,bodden town,75,KY,1545861600,83,19.28,-81.25,27.0,6.7
175,thayetmyo,0,MM,1545863801,82,19.32,95.18,13.22,1.32
176,saskylakh,68,RU,1545863802,72,71.97,114.09,-21.03,4.22
177,high level,80,CA,1545863802,71,58.52,-117.13,-19.31,1.22
178,gerede,76,TR,1545863802,73,40.8,32.2,-10.73,1.22
179,ballina,88,IE,1545863802,97,54.11,-9.15,10.02,4.07
180,poum,0,MK,1545863803,71,41.28,20.71,-15.38,0.82
181,ponta do sol,56,BR,1545863803,91,-20.63,-46.0,20.12,1.52
182,songea,36,TZ,1545863803,93,-10.68,35.65,16.95,0.47
183,yabrud,44,SY,1545861600,87,33.97,36.66,7.0,5.1
184,bucerias,75,MX,1545860520,78,20.76,-105.33,26.0,5.7
185,rybnoye,76,RU,1545863804,93,51.99,47.24,-4.73,3.32
186,laguna,5,MX,1545860820,28,27.52,-110.01,22.0,3.6
187,severnoye,92,RU,1545863805,87,54.09,52.54,-8.18,6.72
188,nemuro,0,JP,1545863805,100,43.32,145.57,-2.56,14.12
189,massakory,8,TD,1545863805,40,13.0,15.73,15.7,3.17
190,kapaa,40,US,1545861360,74,22.08,-159.32,26.1,4.1
191,rabaul,56,PG,1545863806,100,-4.2,152.17,27.2,2.57
192,mastic beach,75,US,1545861360,61,40.77,-72.85,3.9,1.5
193,sola,90,NO,1545862800,93,58.89,5.65,8.0,3.6
194,hithadhoo,0,MV,1545863806,100,-0.6,73.08,27.62,3.62
195,itoman,40,JP,1545861600,68,26.12,127.67,21.0,8.7
196,kahului,40,US,1545861360,65,20.89,-156.47,28.3,3.6
197,kharp,56,RU,1545863807,76,66.82,65.8,-19.58,4.57
198,zhigansk,64,RU,1545863807,73,66.77,123.37,-31.08,1.22
199,maudaha,36,IN,1545863808,45,25.68,80.11,12.47,2.22
200,kharhial,32,IN,1545863808,86,20.28,82.77,13.77,1.17
201,mahon,90,IE,1545861600,100,51.89,-8.4,9.0,2.6
202,new norfolk,0,AU,1545861600,45,-42.78,147.06,18.0,4.1
203,zhanaozen,88,KZ,1545863809,97,43.35,52.85,5.07,2.82
204,mundargi,92,IN,1545863809,75,15.22,75.9,22.57,1.97
205,ketchikan,90,US,1545861360,89,55.34,-131.65,5.6,10.8
206,airai,92,TL,1545863809,97,-8.93,125.41,20.62,0.37
207,darhan,0,MN,1545863810,61,49.49,105.92,-37.43,1.32
208,cabo san lucas,5,MX,1545860460,50,22.89,-109.91,24.0,3.1
209,namibe,32,AO,1545863672,100,-15.19,12.15,23.32,2.77
210,nabire,24,ID,1545863810,85,-3.36,135.5,24.87,0.52
211,the valley,20,AI,1545861600,73,18.22,-63.06,26.0,4.6
212,port macquarie,0,AU,1545861600,64,-31.43,152.91,24.0,4.6
213,alofi,0,NU,1545858000,66,-19.06,-169.92,30.0,5.7
214,high rock,20,BS,1545861600,78,26.63,-78.28,23.0,8.2
215,vardo,1,US,1545862500,53,39.62,-77.74,7.0,1.5
216,kindu,92,CD,1545863811,99,-2.95,25.92,20.77,1.12
217,port-gentil,40,GA,1545861600,88,-0.72,8.78,27.0,1.5
218,oussouye,32,SN,1545863812,85,12.49,-16.54,25.52,0.07
219,freeport,20,BS,1545861600,78,26.54,-78.7,23.0,8.2
220,mbengwi,12,CM,1545863812,59,6.0,10.01,14.72,0.87
221,egvekinot,68,RU,1545863813,75,66.32,-179.17,-27.83,1.07
222,maues,56,BR,1545863813,86,-3.38,-57.72,26.27,1.67
223,madruga,75,CU,1545861300,83,22.91,-81.86,25.0,5.1
224,yaan,0,NG,1545863813,54,7.38,8.57,20.22,2.27
225,varhaug,90,NO,1545861000,93,58.61,5.65,8.0,2.6
226,soyo,88,AO,1545863814,90,-6.13,12.37,25.45,1.52
227,san cristobal,75,EC,1545861600,46,-0.39,-78.55,21.0,4.1
228,ketou,8,BJ,1545863814,67,7.36,2.6,24.2,1.32
229,grand gaube,20,MU,1545861600,88,-20.01,57.66,24.0,3.1
230,outlook,80,CA,1545863815,86,51.48,-107.04,-8.43,0.87
231,sarakhs,0,TM,1545861600,49,36.54,61.16,9.0,2.1
232,malanje,76,AO,1545863669,98,-9.54,16.35,18.72,1.57
233,neftcala,8,AZ,1545863816,100,39.37,49.25,7.47,6.82
234,karratha,0,AU,1545863816,34,-20.74,116.85,32.2,3.92
235,suez,0,EG,1545863816,79,29.97,32.54,8.6,3.42
236,butaritari,80,KI,1545863817,100,3.07,172.79,26.77,7.47
237,harrisonburg,1,US,1545862500,73,38.45,-78.87,6.7,1.02
238,yima,88,CN,1545863817,72,34.75,111.87,-5.38,3.32
239,santa pola,40,ES,1545861600,93,38.19,-0.56,10.0,1.5
240,viseu,40,PT,1545861600,93,40.66,-7.91,10.0,1.0
241,cap malheureux,20,MU,1545861600,88,-19.98,57.61,24.0,3.1
242,faanui,68,PF,1545863818,100,-16.48,-151.75,28.1,5.92
243,torbay,75,CA,1545861600,58,47.66,-52.73,-4.0,7.7
244,quelimane,40,MZ,1545858000,83,-17.88,36.89,28.0,4.1
245,deder,0,ET,1545863819,73,9.31,41.44,7.55,1.02
246,rincon,1,US,1545862500,43,32.3,-81.24,15.3,1.5
247,rumonge,0,BI,1545863820,100,-3.97,29.44,21.57,1.62
248,lata,8,IN,1545863823,83,30.78,78.62,-4.53,1.07
249,bathsheba,20,BB,1545861600,74,13.22,-59.52,26.0,6.7
250,meshcherino,75,RU,1545861600,85,55.2,38.36,-8.0,2.0
251,werda,64,DE,1545862800,93,50.44,12.3,5.0,3.1
252,dikson,80,RU,1545863824,98,73.51,80.55,-12.43,12.62
253,fairbanks,75,US,1545861480,79,64.84,-147.72,-17.2,1.97
254,katsuura,75,JP,1545861600,91,33.93,134.5,9.0,5.7
255,minsk,75,BY,1545861900,88,53.9,27.56,0.0,8.0
256,silifke,92,TR,1545863825,100,36.38,33.93,4.8,1.72
257,ambon,32,FR,1545861600,100,47.55,-2.56,4.0,1.0
258,mutsu,75,JP,1545861600,79,41.29,141.2,-5.0,6.7
259,mugumu,0,TZ,1545863826,64,-1.84,34.67,16.6,2.62
260,zunyi,92,CN,1545863826,98,27.73,106.92,0.8,3.22
261,biltine,0,TD,1545863826,61,14.53,20.93,16.32,1.67
262,grindavik,40,IS,1545861600,86,63.84,-22.43,4.0,6.7
263,rodrigues alves,20,BR,1545861600,66,-7.74,-72.65,30.0,1.0
264,walvis bay,68,NA,1545861600,88,-22.95,14.51,17.0,1.0
265,boralday,90,KZ,1545861600,92,43.36,76.86,-8.0,1.0
266,aljezur,8,PT,1545863828,100,37.31,-8.8,14.17,3.77
267,henties bay,92,NA,1545863828,97,-22.12,14.28,17.72,2.42
268,bocas del toro,36,PA,1545863828,100,9.33,-82.25,25.47,3.42
269,mariental,80,DE,1545863828,98,52.28,10.99,3.52,4.82
270,calvinia,0,ZA,1545863828,88,-31.47,19.78,13.47,1.47
271,sterling,1,US,1545862500,80,39.0,-77.4,7.0,2.57
272,phalodi,0,IN,1545863829,80,27.13,72.36,3.7,1.77
273,puerto del rosario,0,ES,1545861600,82,28.5,-13.86,17.0,3.6
274,vrangel,12,RU,1545863830,100,42.73,133.08,-11.98,11.87
275,severo-kurilsk,56,RU,1545863830,100,50.68,156.12,-0.38,7.72
276,krasnyy chikoy,0,RU,1545863830,55,50.36,108.75,-36.56,1.07
277,hirara,75,JP,1545861600,83,24.8,125.28,23.0,6.7
278,santa cruz de la palma,0,ES,1545861600,42,28.68,-17.76,18.0,3.6
279,loa janan,64,ID,1545863831,86,-0.58,117.09,25.72,1.22
280,isiro,0,CD,1545863832,94,2.77,27.62,18.95,0.92
281,yar-sale,68,RU,1545863832,94,66.83,70.83,-17.13,9.42
282,miguel calmon,20,BR,1545863832,66,-11.43,-40.6,22.27,2.07
283,aksu,0,KZ,1545861600,73,52.04,76.93,-34.0,3.0
284,porteirinha,20,BR,1545863833,88,-15.74,-43.03,22.42,2.22
285,saint-augustin,90,FR,1545861600,100,44.83,-0.61,7.0,2.12
286,port lincoln,8,AU,1545863834,69,-34.72,135.86,23.77,4.22
287,dudinka,36,RU,1545863834,79,69.41,86.18,-19.96,10.72
288,la tuque,36,CA,1545863834,70,47.44,-72.79,-15.43,2.77
289,camocim,12,BR,1545863835,79,-2.9,-40.84,25.95,5.97
290,batagay-alyta,44,RU,1545863835,0,67.8,130.41,-36.83,1.27
291,lorengau,76,PG,1545863835,100,-2.02,147.27,26.92,5.67
292,donskoye,75,RU,1545861600,92,45.45,41.98,-3.0,4.0
293,maniitsoq,24,GL,1545863836,89,65.42,-52.9,-3.16,2.42
294,araouane,0,ML,1545863836,45,18.9,-3.53,10.27,2.07
295,krasnopavlivka,44,UA,1545863836,96,49.15,36.33,-0.23,5.27
296,broome,80,GB,1545862800,93,52.47,1.45,8.0,2.6
297,paita,40,PE,1545861600,290,-5.09,-81.11,17.0,6.7
298,mirpur mathelo,0,PK,1545863837,81,28.02,69.55,6.42,1.32
299,rawson,92,AR,1545863837,84,-43.3,-65.11,17.62,7.97
300,sabang,92,PH,1545863837,99,13.72,123.58,25.2,3.47
301,isangel,80,VU,1545863838,98,-19.55,169.27,27.02,8.37
302,olinda,75,EC,1545861600,62,-2.03,-79.75,30.0,1.5
303,brokopondo,75,SR,1545861600,94,5.06,-54.98,24.0,5.1
304,manokwari,24,ID,1545863838,91,-0.87,134.08,30.1,4.67
305,padang,88,ID,1545863839,100,-0.92,100.36,25.52,2.12
306,prince rupert,90,CA,1545861720,75,54.32,-130.32,6.0,5.7
307,jundiai,40,BR,1545861600,57,-23.19,-46.88,26.0,3.6
308,campoverde,0,IT,1545862800,74,41.54,12.73,5.0,1.0
309,denham springs,90,US,1545862500,92,30.49,-90.96,17.5,6.7
310,azovo,0,RU,1545861600,68,54.7,73.03,-29.0,3.0
311,lagoa,0,PT,1545861600,81,37.14,-8.45,12.0,3.6
312,adeje,0,NG,1545863841,83,5.68,5.76,25.02,2.42
313,buala,36,SB,1545863841,94,-8.15,159.59,28.57,2.22
314,khao wong,12,TH,1545863841,85,16.69,104.09,19.92,2.92
315,mount isa,0,AU,1545861600,22,-20.73,139.49,32.0,2.6
316,sawakin,0,SD,1545863842,100,19.1,37.33,19.7,1.67
317,weligama,68,LK,1545863842,100,5.97,80.42,24.05,1.27
318,ampanihy,0,MG,1545863843,83,-24.69,44.75,19.82,3.92
319,paamiut,76,GL,1545863843,92,61.99,-49.67,-1.21,3.92
320,seddon,0,NZ,1545863843,80,-41.67,174.07,17.6,2.12
321,hoquiam,90,US,1545861180,89,46.98,-123.89,8.3,2.6
322,bambous virieux,20,MU,1545861600,88,-20.34,57.76,24.0,3.1
323,pravia,0,ES,1545861600,70,43.49,-6.11,9.0,2.1
324,qingdao,0,CN,1545861600,62,36.09,120.35,-6.0,3.0
325,columbus,1,US,1545862500,50,32.46,-84.99,17.0,3.1
326,sao joao da barra,90,BR,1545861600,83,-21.64,-41.05,23.0,2.6
327,vila velha,20,BR,1545861600,78,-3.71,-38.6,26.0,2.6
328,hualmay,68,PE,1545863661,80,-11.1,-77.61,21.32,2.32
329,bonthe,0,SL,1545863845,73,7.53,-12.5,27.85,1.87
330,faya,0,SA,1545858000,76,18.39,42.45,13.0,1.5
331,makakilo city,1,US,1545861420,69,21.35,-158.09,28.9,3.6
332,banikoara,0,BJ,1545863846,58,11.3,2.44,15.95,2.42
333,guadalupe y calvo,0,MX,1545863846,32,26.09,-106.96,8.47,1.97
334,nadvoitsy,92,RU,1545863847,87,63.89,34.27,-6.66,1.87
335,kargasok,0,RU,1545863847,0,59.06,80.87,-38.23,1.12
336,salinopolis,32,BR,1545863847,100,-0.61,-47.36,26.42,5.52
337,flin flon,75,CA,1545861600,84,54.77,-101.88,-14.0,2.1
338,sarny,88,UA,1545863848,91,51.32,26.62,0.57,7.22
339,cidreira,0,BR,1545863848,80,-30.17,-50.22,22.72,7.62
340,sestu,0,IT,1545862800,93,39.29,9.09,12.0,2.6
341,ahipara,0,NZ,1545863849,76,-35.17,173.16,20.62,6.82
342,chengde,48,CN,1545863849,13,40.97,117.93,-19.93,2.77
343,kingston,90,CA,1545862680,80,44.23,-76.48,0.6,3.1
344,norman wells,20,CA,1545861600,76,65.28,-126.83,-24.0,8.7
345,tongliao,0,CN,1545863850,45,43.61,122.27,-21.56,5.87
346,bilibino,44,RU,1545863850,47,68.06,166.44,-34.21,0.97
347,praxedis guerrero,40,MX,1545862080,61,31.37,-106.02,9.4,12.3
348,alyangula,76,AU,1545861600,83,-13.85,136.42,29.0,1.5
349,nola,88,CF,1545863851,66,3.52,16.05,25.2,1.07
350,sao filipe,80,CV,1545863851,95,14.9,-24.5,23.22,7.17
351,tromso,90,NO,1545862800,86,69.65,18.96,-2.0,3.1
352,sioux lookout,90,CA,1545861600,84,50.1,-91.92,-13.0,2.1
353,palana,0,RU,1545863851,87,59.08,159.95,-10.56,2.12
354,sungairaya,0,ID,1545863852,87,0.7,108.9,25.92,1.17
355,berlevag,20,NO,1545859200,79,70.86,29.09,-2.0,9.8
356,kapit,92,MY,1545863852,97,2.02,112.94,21.85,1.17
357,chaiyaphum,12,TH,1545863852,71,15.81,102.03,20.6,3.37
358,terre haute,1,US,1545862500,63,39.47,-87.41,7.8,3.1
359,linhares,92,BR,1545863830,100,-19.38,-40.06,22.22,1.97
360,emmett,90,US,1545862500,64,43.87,-116.5,4.4,2.1
361,ust-kuyga,32,RU,1545863853,84,70.0,135.55,-39.81,1.32
362,vao,32,EE,1545863854,93,59.1,26.19,-3.98,2.42
363,geraldton,90,CA,1545861600,84,49.72,-86.95,-13.0,1.5
364,wundanyi,0,KE,1545863854,96,-3.4,38.37,18.3,1.07
365,gemena,32,CD,1545863854,99,3.25,19.78,20.22,0.32
366,kjollefjord,75,NO,1545861000,79,70.95,27.35,-2.0,6.7
367,victoria,75,BN,1545861600,88,5.28,115.24,25.0,5.1
368,sao bernardo,48,BR,1545863855,68,-3.36,-42.42,27.57,4.37
369,kaeo,0,NZ,1545863856,55,-35.1,173.78,23.45,6.02
370,alta floresta,36,BR,1545863856,95,-9.87,-56.08,24.87,0.62
371,astoria,40,US,1545861300,82,46.19,-123.83,8.9,2.6
372,souillac,0,FR,1545861600,86,45.6,-0.6,6.0,2.1
373,cayenne,75,GF,1545861600,88,4.94,-52.33,25.0,3.6
374,atar,0,MR,1545863857,33,20.52,-13.05,11.62,2.62
375,celestun,76,MX,1545863857,85,20.87,-90.4,25.92,7.02
376,manica,0,MZ,1545858000,78,-18.94,32.88,26.0,1.07
377,farafangana,76,MG,1545863858,100,-22.82,47.83,24.35,0.67
378,ous,36,RU,1545863858,72,60.91,61.52,-18.98,3.52
379,indaparapeo,75,MX,1545860400,37,19.79,-100.97,22.0,4.6
380,vestmannaeyjar,92,IS,1545863858,98,63.44,-20.27,5.8,5.32
381,anito,76,PH,1545863859,100,12.45,125.29,27.07,8.57
382,alice,90,US,1545862680,78,27.75,-98.07,25.0,5.7
383,dunedin,64,NZ,1545863741,62,-45.87,170.5,16.27,2.77
384,svetlaya,12,RU,1545863859,100,46.54,138.33,-12.03,7.92
385,orsha,75,BY,1545861600,92,54.51,30.43,-1.0,8.0
386,zabid,0,YE,1545863860,59,14.2,44.5,-1.83,0.97
387,san pedro de macoris,75,DO,1545861600,69,18.46,-69.3,27.0,6.2
388,san ramon,75,NI,1545861600,83,12.92,-85.84,21.0,3.1
389,port hueneme,40,US,1545861420,39,34.15,-119.2,18.9,4.1
390,pacific grove,75,US,1545862500,61,36.62,-121.92,15.0,5.7
391,alice springs,0,AU,1545861600,17,-23.7,133.88,33.0,6.72
392,ahuimanu,1,US,1545861420,84,21.44,-157.84,28.9,2.1
393,broken hill,20,AU,1545858000,14,-31.97,141.45,33.0,5.1
394,jos,8,NG,1545863862,76,9.92,8.9,11.02,1.42
395,bereda,0,ES,1545861600,76,43.27,-7.54,12.0,4.1
396,gat,20,SN,1545863863,35,14.69,-16.54,20.82,3.32
397,evensk,44,RU,1545863863,100,61.92,159.24,-13.08,5.02
398,khani,90,GE,1545861600,93,41.96,42.96,5.0,1.5
399,yerbogachen,68,RU,1545863863,80,61.28,108.01,-28.21,2.32
400,karsun,68,RU,1545863863,88,54.2,46.98,-6.41,3.27
401,guerrero negro,0,MX,1545863864,59,27.97,-114.04,17.57,4.82
402,pula,75,EC,1545861600,62,-1.95,-79.93,30.0,1.5
403,leh,44,IN,1545863864,51,34.16,77.58,-33.13,0.57
404,khomeyn,12,IR,1545863864,60,33.64,50.08,-7.78,1.47
405,longyearbyen,75,NO,1545862800,60,78.22,15.63,-15.0,7.7
406,halifax,5,CA,1545861600,53,44.65,-63.58,-5.0,4.1
407,quatre cocos,20,MU,1545861600,88,-20.21,57.76,24.0,3.1
408,batagay,44,RU,1545863865,0,67.65,134.64,-43.06,1.17
409,athabasca,68,CA,1545863718,82,54.72,-113.29,-17.88,2.12
410,san nicolas,48,HN,1545863714,80,14.94,-88.33,20.52,0.87
411,mon,0,IN,1545863866,87,26.73,95.03,8.42,0.97
412,chubbuck,40,US,1545861180,77,42.93,-112.47,-5.0,4.1
413,brookhaven,75,US,1545861360,61,40.78,-72.92,3.9,1.5
414,sistranda,75,NO,1545861000,93,63.73,8.83,6.0,6.7
415,port hawkesbury,1,CA,1545861600,67,45.62,-61.36,-7.0,6.7
416,dawlatabad,68,AF,1545863867,80,36.41,64.91,0.32,2.87
417,byron bay,0,AU,1545861600,68,-28.65,153.62,24.0,3.02
418,mascote,12,BR,1545863635,80,-15.56,-39.3,25.97,3.67
419,tautira,75,PF,1545863400,58,-17.73,-149.15,31.0,4.6
420,sorong,24,ID,1545863868,100,-0.86,131.25,26.37,2.77
421,weihe,88,CN,1545863868,94,32.99,105.33,-0.66,0.97
422,capalonga,68,PH,1545863869,100,14.33,122.49,26.12,5.27
423,espoo,75,FI,1545862800,86,60.22,24.66,-1.0,2.1
424,namatanai,12,PG,1545863869,100,-3.66,152.44,28.8,4.32
425,nikki,0,BJ,1545863870,52,9.94,3.21,17.67,2.12
426,tabou,0,CI,1545863870,99,4.42,-7.36,28.45,4.22
427,tabuk,92,PH,1545863870,98,17.41,121.44,20.72,0.97
428,reo,0,BF,1545863871,47,12.32,-2.47,15.2,1.97
429,owensboro,1,US,1545862500,53,37.77,-87.11,11.1,2.6
430,udachnyy,64,RU,1545863871,44,66.42,112.4,-33.68,1.17
431,apatou,80,SR,1545863872,98,5.16,-54.34,23.12,1.32
432,goderich,56,CA,1545863872,84,43.74,-81.71,-1.66,4.22
433,tamiahua,0,MX,1545863872,88,21.28,-97.45,24.1,6.72
434,margate,0,AU,1545861600,45,-43.03,147.26,18.0,4.1
435,sumter,1,US,1545862500,57,33.92,-80.34,13.3,3.32
436,nantucket,75,US,1545861360,48,41.28,-70.1,1.7,2.6
437,utica,90,US,1545862080,92,43.1,-75.23,-2.2,2.77
438,venice,1,US,1545862500,53,27.1,-82.45,24.0,5.1
439,woodward,90,US,1545861960,87,36.43,-99.39,12.8,6.2
440,vigrestad,90,NO,1545862800,93,58.57,5.7,8.0,3.6
441,ayorou,0,NE,1545863874,39,14.73,0.92,16.62,4.87
442,husavik,80,CA,1545863875,83,50.56,-96.99,-15.96,1.67
443,okato,0,NZ,1545863875,100,-39.19,173.88,18.47,5.22
444,chemal,0,RU,1545863875,84,51.41,86.0,-26.21,1.52
445,aykhal,36,RU,1545863875,64,65.95,111.51,-37.53,1.22
446,saint-georges,56,CA,1545863876,67,46.12,-70.67,-13.48,3.22
447,inuvik,5,CA,1545861600,68,68.36,-133.71,-29.0,3.6
448,mogadishu,20,SO,1545863794,99,2.04,45.34,26.3,9.77
449,nichinan,20,JP,1545861600,100,31.65,131.31,7.0,2.6
450,biak,44,ID,1545863877,97,-0.91,122.88,26.8,0.97
451,vanimo,92,PG,1545863877,100,-2.67,141.3,25.52,3.42
452,el dorado,44,VE,1545863877,79,6.71,-61.64,23.6,1.92
453,borovichi,64,RU,1545863878,84,58.39,33.91,-9.96,2.42
454,matara,68,PE,1545863878,94,-13.74,-72.9,7.52,0.62
455,kaoma,64,ZM,1545863878,92,-14.8,24.8,19.02,2.12
456,boguchany,56,RU,1545863878,56,58.38,97.46,-28.56,1.77
457,poltavka,0,RU,1545863879,49,54.36,71.76,-34.08,1.87
458,perth,75,GB,1545862800,87,56.4,-3.43,9.0,6.2
459,namwala,44,ZM,1545863879,92,-15.75,26.45,19.92,2.87
460,acari,8,BR,1545863880,52,-6.44,-36.64,24.87,4.82
461,semirom,12,IR,1545863880,53,31.41,51.57,-13.98,1.07
462,natal,0,BR,1545861600,69,-5.81,-35.21,26.0,2.6
463,porto novo,75,BR,1545861600,83,-23.68,-45.44,22.0,2.1
464,guanhaes,92,BR,1545863881,99,-18.77,-42.93,19.12,1.07
465,aras,0,YE,1545863881,59,14.28,44.38,-1.83,0.97
466,guerrero,75,AR,1545861600,48,-24.19,-65.45,30.0,2.6
467,sambava,68,MG,1545863881,100,-14.27,50.17,27.7,2.07
468,elizabeth city,1,US,1545862800,74,36.3,-76.22,6.1,2.22
469,muswellbrook,0,AU,1545863882,72,-32.27,150.89,29.1,1.62
470,katima mulilo,32,NA,1545863882,92,-17.5,24.28,18.42,1.22
471,ceyhan,75,TR,1545862800,81,37.03,35.82,10.0,4.1
472,ejido,0,VE,1545863883,85,8.55,-71.24,14.97,0.42
473,kavieng,88,PG,1545863883,100,-2.57,150.8,27.42,11.87
474,na klang,0,TH,1545861600,100,17.3,102.21,17.0,1.02
475,huarmey,64,PE,1545863883,73,-10.07,-78.15,21.2,1.62
476,takaka,0,NZ,1545863884,70,-40.86,172.81,18.87,1.97
477,tecoanapa,5,MX,1545860460,70,16.99,-99.26,30.0,3.6
478,velizh,80,RU,1545863884,83,55.61,31.2,-4.28,6.57
479,pingxiang,92,CN,1545863884,98,27.63,113.85,5.77,1.52
480,omboue,80,GA,1545863885,100,-1.57,9.26,26.27,2.07
481,copiapo,90,CL,1545861600,68,-27.37,-70.33,18.0,6.2
482,pauini,8,BR,1545863885,99,-7.71,-67.0,22.95,1.07
483,andra,64,RU,1545863885,79,62.52,65.89,-19.88,4.67
484,beyneu,88,KZ,1545863885,94,45.32,55.19,1.1,4.82
485,leningradskiy,24,RU,1545863886,78,69.38,178.42,-24.38,11.97
486,krasnyy kholm,88,RU,1545863886,89,58.06,37.11,-9.16,1.92
487,waipawa,92,NZ,1545863886,97,-39.94,176.59,15.57,2.72
488,brazzaville,40,CD,1545859740,88,-4.27,15.27,23.0,1.5
489,labuhan,76,ID,1545863887,87,-2.54,115.51,24.87,1.32
490,somerset east,0,ZA,1545863887,90,-32.72,25.59,16.77,2.22
491,ziro,12,IN,1545863887,82,27.54,93.82,3.45,0.72
492,imbituba,75,BR,1545861600,69,-28.24,-48.67,25.0,2.6
493,turiacu,20,BR,1545863888,89,-5.01,-63.0,25.47,1.42
494,buzdyak,88,RU,1545863888,85,54.57,54.53,-10.08,7.42
495,roald,75,NO,1545862800,87,62.58,6.12,7.0,4.6
496,rameswaram,88,IN,1545863889,100,9.28,79.3,26.47,4.32
497,budogoshch,64,RU,1545863889,87,59.29,32.45,-10.28,1.02
498,gigmoto,92,PH,1545863889,100,13.78,124.39,25.92,5.22
499,green river,90,US,1545861900,77,41.53,-109.47,-6.7,7.7
500,barra do garcas,20,BR,1545863671,90,-15.89,-52.26,24.27,0.92
501,oistins,20,BB,1545861600,74,13.07,-59.53,26.0,6.7
502,mana,0,RS,1545863400,92,43.52,20.24,-3.0,1.0
503,cervo,88,BR,1545863890,96,-22.19,-46.24,18.12,1.52
504,winsum,90,NL,1545863100,100,53.33,6.52,6.0,4.6
505,shingu,0,JP,1545863891,100,33.72,135.99,10.57,8.52
506,thalgau,20,AT,1545862800,92,47.84,13.25,-3.0,2.1
507,ventspils,75,LV,1545861000,86,57.39,21.56,4.0,2.6
508,lawrenceburg,1,US,1545862500,62,35.24,-87.33,16.1,3.6
509,borovoy,64,RU,1545863892,79,63.23,52.89,-11.03,3.92
510,alagoinhas,0,BR,1545863892,69,-12.13,-38.42,24.37,4.92
511,brae,88,GB,1545862800,100,60.4,-1.35,9.0,6.2
512,elat,76,CM,1545863893,94,2.91,11.16,21.37,1.07
513,azare,0,NG,1545863893,47,11.67,10.19,14.92,3.32
514,santiago del estero,24,AR,1545863893,36,-27.8,-64.26,35.52,5.82
515,victor harbor,0,AU,1545861600,26,-35.55,138.62,28.0,3.1
516,puro,92,PH,1545863894,97,13.13,123.76,24.85,1.92
517,nueve de julio,0,AR,1545863894,28,-31.67,-68.39,32.57,3.52
518,petauke,68,ZM,1545863894,91,-14.25,31.33,18.85,2.07
519,kununurra,0,AU,1545861600,78,-15.77,128.74,28.0,2.1
520,dangara,0,NG,1545863895,58,11.43,7.3,15.05,3.12
521,hanyang,92,CN,1545863895,100,32.14,105.51,2.52,1.07
522,bol,8,TD,1545863895,42,13.47,14.72,15.07,1.67
523,les cayes,0,HT,1545863896,100,18.19,-73.75,26.45,8.07
524,caravelas,48,BR,1545863896,99,-17.73,-39.27,26.92,8.77
525,the pas,90,CA,1545862380,84,53.82,-101.24,-16.0,2.1
526,minas novas,68,BR,1545863896,93,-17.22,-42.59,22.05,1.77
527,aklavik,5,CA,1545861600,68,68.22,-135.01,-29.0,3.6
528,saint anthony,1,US,1545861840,70,43.97,-111.68,-4.4,3.1
529,gazanjyk,0,TM,1545863897,66,39.24,55.52,-1.46,1.22
530,vila,0,IT,1545862800,100,45.18,8.4,4.0,0.5
531,lunino,80,RU,1545863898,94,53.59,45.22,-4.46,2.62
532,mudgee,0,AU,1545861600,47,-32.6,149.59,26.0,1.5
533,comodoro rivadavia,75,AR,1545861600,38,-45.87,-67.48,23.0,7.2
534,bose,0,IT,1545862800,57,45.46,8.01,4.0,1.5
535,djambala,64,CG,1545863899,97,-2.55,14.76,20.85,1.32
536,riverton,90,US,1545862800,74,43.02,-108.38,-4.4,2.6
537,puerto carreno,20,CO,1545861600,46,6.19,-67.49,33.0,4.1
538,luau,32,CD,1545863899,95,-10.7,22.23,18.55,1.77
539,fort nelson,90,CA,1545861600,83,58.81,-122.69,-20.0,1.0
540,cairns,75,AU,1545861600,94,-16.92,145.77,26.0,9.3
541,pangai,20,TO,1545861600,83,-19.8,-174.35,29.0,4.1
542,roma,0,IT,1545861000,64,41.89,12.48,5.0,0.5
543,basco,90,US,1545863700,80,40.33,-91.2,7.2,6.2
544,chunoyar,56,RU,1545863901,69,57.45,97.32,-30.71,1.52
545,plouzane,0,FR,1545861600,86,48.38,-4.62,5.0,2.1
